word,count
Good,1
evening,1
Ella_Baker,1
giant,1
civil,1
rights,3
movement,1
left,2
us,18
wisdom,1
Give,2
people,15
light,10
find,3
way,7
Those,1
words,4
time,10
The,10
current,5
president,20
cloaked,1
America,24
darkness,4
much,7
long,3
Too,3
anger,1
fear,5
division,2
Here,1
I,55
give,2
word,3
If,5
entrust,1
presidency,1
draw,2
best,3
worst,4
ally,1
It's,11
We,9
People,1
come,3
together,7
For,6
make,12
mistake,1
United,4
overcome,2
season,1
choose,3
hope,8
facts,2
fiction,1
fairness,1
privilege,1
proud,2
Democrat,1
carry,1
banner,1
party,2
general,1
election,2
So,4
great,10
honor,1
humility,1
accept,1
nomination,1
President,8
United_States_of_America,2
But,7
Democratic,1
candidate,1
American,7
work,6
hard,5
didn't,2
support,1
That's,3
job,4
To,5
represent,1
base,1
This,9
partisan,1
moment,10
must,2
calls,1
love,8
Hope,2
futures,1
see,2
forward,2
one,12
another,1
isn't,2
collection,1
clashing,1
interests,1
Red,1
States,2
Blue,1
We're,3
bigger,1
better,3
Nearly,2
century,2
ago,2
Franklin,1
Roosevelt,1
pledged,1
New,1
Deal,1
massive,1
unemployment,2
uncertainty,1
Stricken,1
disease,1
stricken,1
virus,4
FDR,1
insisted,1
would,2
recover,1
prevail,1
believed,2
could,4
well,1
And,32
campaign,2
winning,2
votes,1
heart,3
yes,1
soul,3
Winning,3
generous,2
among,1
selfish,1
workers,2
keep,1
country,7
going,9
privileged,1
top,1
communities,2
known,3
injustice,5
knee,1
neck,1
young,4
rising,2
inequity,2
shrinking,1
opportunity,5
They,5
deserve,2
experience,1
America's,3
promise,6
full,1
No,6
generation,2
ever,4
knows,2
history,6
ask,1
All,3
know,8
whether,2
we'll,5
ready,5
arrives,1
delivered,1
difficult,1
moments,2
faced,2
Four,1
historic,1
crises,1
A,9
perfect,2
storm,1
pandemic,1
100,1
years,5
economic,3
crisis,2
since,3
Great,1
Depression,1
compelling,1
call,3
racial,1
justice,2
60's,1
undeniable,1
realities,1
accelerating,1
threats,1
climate,3
change,3
question,1
simple,1
Are,2
believe,6
elections,1
important,2
bones,1
consequential,1
inflection,1
point,2
real,2
peril,1
extraordinary,1
possibilities,1
path,4
becoming,1
angrier,1
less,1
hopeful,1
divided,1
shadow,1
suspicion,1
Or,4
different,2
take,7
chance,1
heal,1
reborn,1
unite,1
life-changing,1
determine,1
future,3
Character,1
ballot,4
Compassion,1
Decency,1
science,1
democracy,2
Who,1
nation,12
What,2
stand,4
importantly,1
want,2
choice,1
clearer,1
rhetoric,1
needed,1
Just,3
judge,1
5,2
million,6
Americans,6
infected,1
COVID-19,1
More,4
170,1
000,1
died,1
By,1
far,3
performance,1
Earth,2
50,1
filed,1
year,3
10,1
lose,3
health,2
insurance,2
6,1
small,1
businesses,2
closed,1
re-elected,1
happen,2
Cases,1
deaths,2
remain,2
high,1
mom,2
pop,1
close,1
doors,2
good,2
Working,1
families,3
struggle,1
get,9
yet,1
wealthiest,3
percent,2
tens,1
billions,1
dollars,1
new,4
tax,5
breaks,1
assault,1
Affordable,2
Care,2
Act,2
continue,1
destroyed,1
taking,1
away,2
20,1
--,7
including,1
15,1
Medicaid,1
getting,1
rid,1
protections,1
Obama,2
passed,1
suffer,1
pre-existing,1
condition,1
speaking,2
man,3
honored,1
serve,1
alongside,1
8,1
Vice,2
Let,1
say,7
something,2
don't,3
nearly,1
enough,1
Thank,2
Mr,1
You,3
children,4
look,2
occupant,1
office,1
he's,3
given,2
four,2
last,2
takes,1
responsibility,2
refuses,1
lead,4
blames,1
others,1
cozies,1
dictators,2
fans,1
flames,1
hate,4
He,7
wake,1
every,5
day,4
believing,1
Never,1
Is,1
family,5
One,3
strong,1
Selfless,1
humble,1
rebuild,2
As,4
first,3
step,1
control,1
that's,1
ruined,1
many,2
lives,3
Because,4
understand,3
doesn't,3
never,9
economy,4
back,6
track,1
kids,2
safely,1
school,2
deal,3
tragedy,1
today,2
bad,2
around,1
Canada,1
Europe,2
Japan,1
almost,2
anywhere,1
else,1
world,7
keeps,2
telling,1
disappear,1
waiting,1
miracle,2
Well,2
news,1
coming,3
confirmed,1
cases,1
Our,2
tatters,1
Black,3
Latino,1
Asian,2
Native,1
bearing,1
brunt,1
still,1
plan,2
I'm,3
implement,1
national,3
strategy,1
I've,5
laying,1
March,1
We'll,5
develop,1
deploy,1
rapid,1
tests,1
results,1
available,1
immediately,1
medical,1
supplies,1
protective,1
equipment,1
needs,1
mercy,1
China,1
foreign,2
countries,1
order,1
protect,7
sure,1
schools,1
resources,1
need,3
open,2
safe,1
effective,1
put,3
politics,1
aside,1
muzzle,1
experts,1
public,1
gets,1
information,1
honest,1
unvarnished,1
truth,2
mandate,1
wear,1
mask-not,1
burden,1
patriotic,1
duty,2
In,2
short,1
done,3
beginning,1
failed,3
basic,1
fellow,1
unforgivable,1
defend,1
attack,1
Seen,1
unseen,1
Always,1
Without,1
exception,1
Every,1
Look,1
right,1
On,1
summer,1
night,1
let,3
speak,2
lost,2
feels,1
someone,2
deep,2
black,1
hole,1
opens,1
chest,1
That,4
feel,1
whole,1
sucked,1
mean,2
cruel,1
unfair,1
life,5
sometimes,1
learned,1
two,2
things,1
First,2
loved,1
ones,1
may,3
leave,1
always,4
second,1
found,2
pain,1
loss,1
grief,1
purpose,5
God's,1
save,1
finally,3
live,1
written,1
sacred,4
documents,1
founded,1
men,1
women,3
created,1
equal,2
Endowed,1
Creator,1
certain,1
unalienable,1
Among,1
liberty,1
pursuit,2
happiness,1
Dad,1
honorable,1
decent,2
got,2
knocked,1
times,2
pretty,1
worked,1
built,1
middle-class,1
used,1
Joey,2
expect,2
government,1
solve,1
problems,1
lot,1
paycheck,1
dignity,4
respect,2
place,1
community,3
looking,2
eye,2
honey,1
okay,1
forgotten,1
lessons,1
jobs,4
Together,1
build,2
With,11
modern,1
roads,1
bridges,1
highways,1
broadband,1
ports,1
airports,1
foundation,1
growth,1
pipes,1
transport,1
clean,2
water,1
manufacturing,1
technology,1
made,3
care,3
system,3
lowers,1
premiums,1
deductibles,1
drug,1
prices,1
building,1
trying,1
rip,1
education,1
trains,1
21st,1
cost,1
prevent,1
college,1
student,1
debt,1
crush,1
child,1
elder,1
possible,1
parents,1
go,2
elderly,1
stay,1
homes,1
immigration,1
powers,1
reflects,1
values,2
newly,1
empowered,1
labor,1
unions,1
pay,4
wages,1
raise,1
Yes,1
we're,4
praise,1
essential,1
enormous,1
An,1
energy,1
create,1
millions,1
good-paying,1
process,1
investments,1
ending,1
loopholes,1
president's,1
$1,1
3,1
trillion,1
giveaway,1
1,1
biggest,2
profitable,1
corporations,2
code,1
rewards,2
wealth,1
punish,1
anyone,1
Far,1
past,1
paid,1
fair,1
share,1
seniors,1
Social,3
Security,3
obligation,1
threatening,1
break,1
He's,1
proposing,1
eliminate,1
pays,1
half,1
without,1
making,1
revenue,1
Medicare,1
powerful,5
voices,2
hear,3
They're,1
grown,1
Economic,1
Racial,1
Environmental,1
listen,1
existential,1
threat,1
posed,1
daily,1
gunned,1
inability,1
started,1
next,1
restore,1
everyone,3
won't,1
alone,1
side,2
Senator,1
Kamala,3
Harris,1
She,4
voice,1
Her,2
story,2
obstacles,1
thrown,1
Women,1
South,1
immigrants,1
left-out,1
left-behind,1
she's,3
obstacle,1
one's,2
tougher,2
big,1
banks,1
gun,1
lobby,1
calling,1
administration,1
extremism,1
failure,2
follow,1
law,1
simply,1
tell,1
strength,2
Doug,1
Jill,2
deserves,1
After,1
losing,1
wife,1
car,1
accident,1
came,1
She's,1
educator,1
military,1
Mom,1
unstoppable,1
force,1
puts,1
mind,1
Second,1
Lady,2
loves,1
Hunter,1
Ashley,1
grandchildren,1
brothers,1
sister,1
courage,2
lift,1
longer,1
Beau,2
inspires,1
served,1
uniform,1
decorated,1
Iraq,1
war,1
veteran,1
personally,1
profound,1
serving,1
Commander,1
Chief,1
allies,1
friends,1
clear,1
adversaries,1
days,1
cozying,1
Under,1
Biden,1
turn,1
blind,1
Russian,1
bounties,1
heads,1
soldiers,1
Nor,1
interference,1
democratic,1
exercise,1
voting,1
human,1
common,1
secure,1
peaceful,1
prosperous,1
History,2
thrust,1
urgent,1
task,1
Will,1
wipes,1
stain,1
racism,2
character,1
week,1
yesterday,1
third,1
anniversary,1
events,1
Charlottesville,1
Remember,3
seeing,1
neo-Nazis,1
Klansmen,1
white,1
supremacists,1
fields,1
lighted,1
torches,1
Veins,1
bulging,1
Spewing,1
anti-Semitic,1
bile,1
heard,1
across,1
'30s,1
violent,1
clash,1
ensued,1
between,1
spreading,1
against,1
said,3
There,1
quote,1
fine,1
sides,1
It,1
wake-up,1
action,1
At,2
knew,1
I'd,1
run,1
My,1
father,1
taught,1
silence,1
complicity,1
silent,1
complicit,1
battle,3
conversations,1
entire,1
vote,1
met,1
six-year,1
old,1
Gianna,1
Floyd,2
Daddy,2
George,2
laid,1
rest,1
incredibly,1
brave,1
I'll,1
forget,1
When,1
leaned,1
looked,1
eyes,1
changed,1
burrowed,1
Maybe,2
Floyd's,1
murder,1
breaking,1
John,1
Lewis',1
passing,1
inspiration,1
However,1
John's,1
lay,1
heavy,1
burdens,1
rooting,1
systemic,1
tells,1
darkest,1
we've,4
greatest,1
progress,2
dark,2
poised,1
define,1
Possibilities,1
dreams,2
God-given,1
ability,1
challenging,1
united,3
Union,1
determination,1
bright,1
anything,1
unable,1
accomplish,1
Irish,1
poet,1
Seamus,1
Heaney,1
wrote,1
says,1
Don't,1
grave,1
lifetime,1
longed-for,1
tidal,1
wave,1
Of,1
rise,1
rhyme,2
passion,1
begin,1
God,3
Light,1
mission,1
May,1
able,1
end,1
chapter,1
began,1
tonight,1
joined,1
win,1
bless,1
troops,1
